zoneID,countyID,startAllocFactor,idleAllocFactor,SHPAllocFactor
420910,42091,0.00185460725685487,0.00185460725685487,0.00185460725685487
