zoneID,roadTypeID,SHOAllocFactor
420910,2,0
420910,3,9.13371299686823e-5
420910,4,0.0031146275413675
420910,5,0.0025421833729849
