zoneID,countyID,startAllocFactor,idleAllocFactor,SHPAllocFactor
361090,36109,2.06366717114294e-4,2.06366717114294e-4,2.06366717114294e-4
