zoneID,roadTypeID,SHOAllocFactor
361090,2,0
361090,3,4.90094187409754e-4
361090,4,5.39476297908925e-5
361090,5,1.85190294606879e-4
