zoneID,roadTypeID,SHOAllocFactor
360850,2,0
360850,3,0
360850,4,0.00117232353569797
360850,5,7.65997897714737e-4
