zoneID,countyID,startAllocFactor,idleAllocFactor,SHPAllocFactor
360850,36085,6.08642907393308e-4,6.08642907393308e-4,6.08642907393308e-4
